"","model","p","rsq","rss","adjr2","cp","bic","stderr"
"4","el_-`m_*s`-`x_*a`-`s*el_pct`",5,0.836890335378538,431.768191585702,0.835318194032789,18.7266668144825,-731.398382872875,1.0200025886876
